{
  "parent": "minecraft:item/template_skull",
  "overrides": [
    {"predicate": {"custom_model_data": 22001}, "model": "mcgstarcraft:item/air_canister_oxygen"},
    {"predicate": {"custom_model_data": 22002}, "model": "mcgstarcraft:item/air_canister_carbon"},
    {"predicate": {"custom_model_data": 22003}, "model": "mcgstarcraft:item/air_canister_polluted"},
    {"predicate": {"custom_model_data": 22004}, "model": "mcgstarcraft:item/air_canister_empty"},
    {"predicate": {"custom_model_data": 22005}, "model": "mcgstarcraft:item/fuel_canister"},
    {"predicate": {"custom_model_data": 22006}, "model": "mcgstarcraft:item/conduit_crystals"},
    {"predicate": {"custom_model_data": 22007}, "model": "mcgstarcraft:item/titanite_ore"},
    {"predicate": {"custom_model_data": 22008}, "model": "mcgstarcraft:item/titanium_plates"},
    {"predicate": {"custom_model_data": 22009}, "model": "mcgstarcraft:item/silicon_cell"},
    {"predicate": {"custom_model_data": 22010}, "model": "mcgstarcraft:item/thermoglue"},
    {"predicate": {"custom_model_data": 23001}, "model": "mcgstarcraft:item/air_tank_kit_1"},
    {"predicate": {"custom_model_data": 23002}, "model": "mcgstarcraft:item/air_tank_kit_2"},
    {"predicate": {"custom_model_data": 23003}, "model": "mcgstarcraft:item/air_tank_kit_3"},
    {"predicate": {"custom_model_data": 23004}, "model": "mcgstarcraft:item/air_tank_kit_4"},
    {"predicate": {"custom_model_data": 23005}, "model": "mcgstarcraft:item/fuel_tank_kit_1"},
    {"predicate": {"custom_model_data": 23006}, "model": "mcgstarcraft:item/fuel_tank_kit_2"},
    {"predicate": {"custom_model_data": 23007}, "model": "mcgstarcraft:item/fuel_tank_kit_3"},
    {"predicate": {"custom_model_data": 23008}, "model": "mcgstarcraft:item/fuel_tank_kit_4"},
    {"predicate": {"custom_model_data": 23009}, "model": "mcgstarcraft:item/radiation_kit_1"},
    {"predicate": {"custom_model_data": 23010}, "model": "mcgstarcraft:item/radiation_kit_2"},
    {"predicate": {"custom_model_data": 23011}, "model": "mcgstarcraft:item/radiation_kit_3"},
    {"predicate": {"custom_model_data": 23012}, "model": "mcgstarcraft:item/radiation_kit_4"},
    {"predicate": {"custom_model_data": 23013}, "model": "mcgstarcraft:item/temperature_kit_1"},
    {"predicate": {"custom_model_data": 23014}, "model": "mcgstarcraft:item/temperature_kit_2"},
    {"predicate": {"custom_model_data": 23015}, "model": "mcgstarcraft:item/temperature_kit_3"},
    {"predicate": {"custom_model_data": 23016}, "model": "mcgstarcraft:item/temperature_kit_4"}
  ]
}